<?xml version="1.0" encoding="UTF-8" standalone="no"?>
<catalog prefer="public" xmlns="urn:oasis:names:tc:entity:xmlns:xml:catalog">
    <uri id="Imports Wizard Entry" name="http://purl.obolibrary.org/Bionik/SPD_import.owl" uri="SDP_imported.owl"/>
    <uri id="Imports Wizard Entry" name="http://purl.obolibrary.org/Bionik/PATO_import.owl" uri="PATO_imported.owl"/>
    <uri id="Imports Wizard Entry" name="http://purl.obolibrary.org/bionik/PCO_import.owl" uri="PCO_imported.owl"/>
    <uri id="Imports Wizard Entry" name="http://purl.obolibrary.org/obo/bionik/external/UBERON_import.owl" uri="UBERON_imported.owl"/>
    <uri id="Imports Wizard Entry" name="http://purl.obolibrary.org/obo/bionik/external/GO_import.owl" uri="GO_imported.owl"/>
    <uri id="Imports Wizard Entry" name="http://purl.obolibrary.org/obo/bionik/external/PO_import.owl" uri="PO_imported.owl"/>
    <group id="Folder Repository, directory=, recursive=true, Auto-Update=true, version=2" prefer="public" xml:base="">
        <uri id="Automatically generated entry, Timestamp=1755629728335" name="http://purl.obolibrary.org/Bionik/PATO_import.owl" uri="PATO_imported.owl"/>
        <uri id="Automatically generated entry, Timestamp=1755629728335" name="duplicate:http://purl.obolibrary.org/Bionik/SPD_import.owl" uri="SDP_imported.owl"/>
        <uri id="Automatically generated entry, Timestamp=1755629728335" name="duplicate:http://purl.obolibrary.org/Bionik/SPD_import.owl" uri="SPD_imported.owl"/>
        <uri id="Automatically generated entry, Timestamp=1755629728335" name="http://purl.obolibrary.org/bionik/PCO_import.owl" uri="PCO_imported.owl"/>
        <uri id="Automatically generated entry, Timestamp=1755629728335" name="http://purl.obolibrary.org/obo/bionik/external/ENVO_import.owl" uri="ENVO_imported.owl"/>
        <uri id="Automatically generated entry, Timestamp=1755629728335" name="http://purl.obolibrary.org/obo/bionik/external/GO_import.owl" uri="GO_imported.owl"/>
        <uri id="Automatically generated entry, Timestamp=1755629728335" name="http://purl.obolibrary.org/obo/bionik/external/IAO_import.owl" uri="IAO_imported.owl"/>
        <uri id="Automatically generated entry, Timestamp=1755629728335" name="http://purl.obolibrary.org/obo/bionik/external/OBI_import.owl" uri="OBI_imported.owl"/>
        <uri id="Automatically generated entry, Timestamp=1755629728335" name="http://purl.obolibrary.org/obo/bionik/external/PO_import.owl" uri="PO_imported.owl"/>
        <uri id="Automatically generated entry, Timestamp=1755629728335" name="http://purl.obolibrary.org/obo/bionik/external/UBERON_import.owl" uri="UBERON_imported.owl"/>
        <uri id="Automatically generated entry, Timestamp=1755629728335" name="http://www.semanticweb.org/bionik/" uri="bionik.owl"/>
    </group>
</catalog>
